size,threads,config,simple,strassen,simple_parallel,strassen_2layers,strassen_recursive,speedup_strassen,simple_vs_simple_parallel,strassen_vs_simple_parallel,strassen_vs_strassen_2layers,strassen_vs_strassen_recursive
2048,1,1,22.876949,6.082413,22.835169,8.832947,8.122751,3.76116337381233,1.00182963393001,0.266361637174658,0.688605173335694,0.748811948070303
2048,2,2,22.876949,6.082413,16.116812,4.814262,4.689911,3.76116337381233,1.41944628999829,0.377395541996767,1.26341545183872,1.29691437641354
2048,5,3,22.876949,6.082413,12.139358,3.293431,2.003903,3.76116337381233,1.88452708948859,0.50104898463329,1.84683176905786,3.03528314494264
2048,10,4,22.876949,6.082413,6.669412,1.164973,1.326636,3.76116337381233,3.43012982253908,0.91198639400295,5.22107636829351,4.58483939829765
2048,20,5,22.876949,6.082413,3.066279,0.761011,0.776335,3.76116337381233,7.46081781860033,1.98364630224451,7.99254281475563,7.83477880038901
2048,40,6,22.876949,6.082413,1.638119,0.562917,0.600192,3.76116337381233,13.9653767522384,3.71304709853191,10.8051684351334,10.1341120841331
2048,60,7,22.876949,6.082413,1.120326,0.711565,0.690698,3.76116337381233,20.4199036708958,5.42914562368454,8.54793729314961,8.80618302065447