size,threads,config,simple,strassen,simple_parallel,strassen_2layers,strassen_recursive,speedup_strassen,simple_vs_simple_parallel,strassen_vs_simple_parallel,strassen_vs_strassen_2layers,strassen_vs_strassen_recursive
512,1,1,0.178971,0.121902,0.174998,0.129815,0.174297,1.46815474725599,1.02270311660705,0.696590818180779,0.939044024188268,0.699392416392709
512,2,2,0.178971,0.121902,0.130251,0.068715,0.08824,1.46815474725599,1.37404703226847,0.935900684063846,1.77402313905261,1.38148232094288
512,5,3,0.178971,0.121902,0.078586,0.029127,0.046918,1.46815474725599,2.27739037487593,1.55119232433258,4.185188999897,2.59819259132955
512,10,4,0.178971,0.121902,0.039698,0.032454,0.03928,1.46815474725599,4.50831276134818,3.07073404201723,3.75614716213718,3.10341140529532
512,20,5,0.178971,0.121902,0.020161,0.018905,0.020042,1.46815474725599,8.87708943008779,6.04642626853827,6.44813541391166,6.08232711306257
512,40,6,0.178971,0.121902,0.016079,0.019474,0.016755,1.46815474725599,11.1307295229803,7.58144163194229,6.25973092328233,7.27555953446732
512,60,7,0.178971,0.121902,0.013435,0.019789,0.013845,1.46815474725599,13.3212504652028,9.07346483066617,6.16008893829906,8.80476706392199