size,threads,config,simple,strassen,simple_parallel,strassen_2layers,strassen_recursive,speedup_strassen,simple_vs_simple_parallel,strassen_vs_simple_parallel,strassen_vs_strassen_2layers,strassen_vs_strassen_recursive
256,1,1,0.041599,0.03889,0.022037,0.017048,0.022163,1.06965800977115,1.88768888687208,1.76475926850297,2.28120600656969,1.75472634571132
256,2,2,0.041599,0.03889,0.024838,0.020281,0.024829,1.06965800977115,1.67481278685885,1.56574603430228,1.91755830580346,1.56631358492086
256,5,3,0.041599,0.03889,0.01008,0.009829,0.010096,1.06965800977115,4.12688492063492,3.85813492063492,3.95665886661919,3.8520206022187
256,10,4,0.041599,0.03889,0.005119,0.006773,0.005049,1.06965800977115,8.12639187341278,7.59718695057629,5.74191643289532,7.70251534957417
256,20,5,0.041599,0.03889,0.002528,0.00686,0.003668,1.06965800977115,16.4553006329114,15.3837025316456,5.66909620991254,10.6025081788441
256,40,6,0.041599,0.03889,0.002655,0.010701,0.002605,1.06965800977115,15.6681732580038,14.6478342749529,3.63423979067377,14.9289827255278
256,60,7,0.041599,0.03889,0.001827,0.011805,0.001828,1.06965800977115,22.7690202517789,21.2862616310892,3.29436679373147,21.2746170678337