size,threads,config,simple,strassen,simple_parallel,strassen_2layers,strassen_recursive,speedup_strassen,simple_vs_simple_parallel,strassen_vs_simple_parallel,strassen_vs_strassen_2layers,strassen_vs_strassen_recursive
4096,1,1,202.642639,43.223625,202.198639,69.27314,55.718552,4.68823794857558,1.00219586047758,0.213768130259274,0.623959372997961,0.775749251344507
4096,2,2,202.642639,43.223625,141.063492,35.97953,30.636389,4.68823794857558,1.43653496823969,0.306412554993322,1.20133934489973,1.41085899516421
4096,5,3,202.642639,43.223625,117.858994,23.829622,17.951889,4.68823794857558,1.71936508299061,0.366740148825638,1.81386112629063,2.40774800913709
4096,10,4,202.642639,43.223625,62.999897,11.912765,6.633986,4.68823794857558,3.21655508420911,0.68609040741765,3.62834530858285,6.5154833006883
4096,20,5,202.642639,43.223625,31.306774,4.453778,4.032535,4.68823794857558,6.4728048632542,1.3806476834694,9.70493477672214,10.7187228381155
4096,40,6,202.642639,43.223625,15.673621,4.103247,3.179989,4.68823794857558,12.9288974768498,2.75773064820184,10.5340051427565,13.5923819233337
4096,60,7,202.642639,43.223625,10.511638,5.57841,3.699929,4.68823794857558,19.2779316601276,4.11197807610955,7.74837722576863,11.6822849843875