size,threads,config,simple,strassen,simple_parallel,strassen_2layers,strassen_recursive,speedup_strassen,simple_vs_simple_parallel,strassen_vs_simple_parallel,strassen_vs_strassen_2layers,strassen_vs_strassen_recursive
8192,1,1,1948.797729,304.087219,1924.194702,1131.942505,390.43219,6.40868016554158,1.01278614215829,0.158033497693312,0.268641929830173,0.778847714887443
8192,2,2,1948.797729,304.087219,1079.068604,772.31366,208.022079,6.40868016554158,1.80599984261983,0.281805269723147,0.393735388546669,1.46180261471187
8192,5,3,1948.797729,304.087219,948.004272,628.829163,140.58992,6.40868016554158,2.05568454337092,0.320765663174142,0.483576839135878,2.16293756337581
8192,10,4,1948.797729,304.087219,517.057434,325.910248,46.529575,6.40868016554158,3.76901597550573,0.588111105274235,0.933039758234298,6.53535346067528
8192,20,5,1948.797729,304.087219,251.516815,162.789978,26.814177,6.40868016554158,7.74818068923145,1.20901347689219,1.86797260332574,11.3405389619081
8192,40,6,1948.797729,304.087219,125.705566,80.557571,22.415005,6.40868016554158,15.5028754176247,2.41904339383031,3.77478137964214,13.5662347164321
8192,60,7,1948.797729,304.087219,85.712715,55.769402,24.850794,6.40868016554158,22.7363901493495,3.54774923417138,5.45258166834925,12.2365192436105